category,review_count,avg_review_score,neg_review_rate,neg_sentiment_rate,avg_order_value,avg_item_price,avg_freight,late_delivery_rate,top_complaint_topic,confidence
portable_kitchen_food_preparers,9.0,3.0,0.4,0.7,260.059,239.37900000000005,20.68,0.0,Topic 7: produto / recebi / ainda,LOW-N
security_and_services,2.0,2.5,0.5,0.5,162.255,141.64499999999998,20.61,0.0,Topic 5: entrega / produto / bom,LOW-N
pc_gamer,2.0,1.0,1.0,0.5,199.725,184.495,15.23,0.0,Topic 7: produto / recebi / ainda,LOW-N
la_cuisine,5.0,3.0,0.5,0.5,150.575,124.33166666666666,26.243333333333336,0.0,Topic 5: entrega / produto / bom,LOW-N
fashio_female_clothing,24.0,3.28,0.36,0.44,81.5344,67.1392,14.395199999999999,0.12,Topic 5: entrega / produto / bom,LOW-N
arts_and_craftmanship,11.0,3.4166666666666665,0.25,0.4166666666666667,95.64916666666666,81.22083333333333,14.428333333333335,0.16666666666666666,Topic 3: prazo / antes / produto,LOW-N
office_furniture,606.0,2.8914081145584727,0.42601431980906923,0.3854415274463007,202.0133770883055,160.44143198090694,41.57194510739857,0.10501193317422435,Topic 1: recebi / comprei / entrega,HIGH
construction_tools_safety,70.0,3.3181818181818183,0.3522727272727273,0.32954545454545453,229.445,209.44352272727275,20.001477272727275,0.10227272727272728,Topic 5: entrega / produto / bom,LOW-N
kitchen_dining_laundry_garden_furniture,98.0,3.2564102564102564,0.3162393162393162,0.3247863247863248,236.45965811965814,186.67025641025648,49.78940170940171,0.05982905982905983,Topic 1: recebi / comprei / entrega,LOW-N
party_supplies,19.0,3.4545454545454546,0.36363636363636365,0.3181818181818182,110.61136363636365,88.91363636363639,21.697727272727278,0.0,Topic 6: produto / veio / comprei,LOW-N
furniture_mattress_and_upholstery,16.0,3.5,0.3125,0.3125,175.89625,135.74312500000002,40.153125,0.125,Topic 5: entrega / produto / bom,LOW-N
tablets_printing_image,28.0,3.689655172413793,0.3103448275862069,0.3103448275862069,98.71103448275862,83.62379310344828,15.087241379310345,0.10344827586206896,Topic 3: prazo / antes / produto,LOW-N
unknown,628.0,3.2602545968882604,0.38613861386138615,0.3055162659123055,141.09902404526167,122.84975954738331,18.249264497878357,0.1173974540311174,Topic 7: produto / recebi / ainda,HIGH
audio,156.0,3.4207317073170733,0.34146341463414637,0.3048780487804878,147.30475609756098,131.85634146341465,15.44841463414634,0.1524390243902439,Topic 7: produto / recebi / ainda,HIGH
air_conditioning,103.0,3.3203125,0.34375,0.3046875,208.18140625000004,183.29546875000003,24.8859375,0.0546875,Topic 7: produto / recebi / ainda,HIGH
drinks,120.0,3.324675324675325,0.3246753246753247,0.2922077922077922,66.54935064935066,51.375324675324684,15.174025974025975,0.07792207792207792,Topic 1: recebi / comprei / entrega,HIGH
construction_tools_lights,96.0,3.5080645161290325,0.33064516129032256,0.2903225806451613,135.8051612903226,112.4516935483871,23.353467741935482,0.12096774193548387,Topic 1: recebi / comprei / entrega,LOW-N
computers_accessories,2707.0,3.355015197568389,0.3465045592705167,0.2896656534954407,142.1153981762918,122.97739513677811,19.138003039513677,0.10425531914893617,Topic 7: produto / recebi / ainda,HIGH
agro_industry_and_commerce,59.0,3.378787878787879,0.3333333333333333,0.2878787878787879,484.4092424242424,450.7851515151515,33.62409090909091,0.045454545454545456,Topic 3: prazo / antes / produto,LOW-N
christmas_supplies,55.0,3.642857142857143,0.2571428571428571,0.2857142857142857,76.18900000000001,54.891571428571424,21.29742857142857,0.1,Topic 1: recebi / comprei / entrega,LOW-N
market_place,110.0,3.512,0.288,0.28,125.28912000000001,106.64256,18.646559999999997,0.064,Topic 3: prazo / antes / produto,HIGH
telephony,1852.0,3.5568015602145295,0.2842515845928815,0.2749878108239883,92.04455387615796,76.0466601657728,15.997893710385178,0.09507557289127255,Topic 6: produto / veio / comprei,HIGH
furniture_decor,2585.0,3.364449413079933,0.339575181665735,0.2674678591391839,109.06785913918391,87.65449413079934,21.413365008384574,0.10033538289547234,Topic 1: recebi / comprei / entrega,HIGH
baby,1074.0,3.4557069846678026,0.3262350936967632,0.26490630323679726,171.1808091993186,147.68839863713802,23.492410562180577,0.1260647359454855,Topic 1: recebi / comprei / entrega,HIGH
consoles_games,399.0,3.4965675057208236,0.30205949656750575,0.2631578947368421,191.0312585812357,172.96732265446227,18.063935926773453,0.08466819221967964,Topic 3: prazo / antes / produto,HIGH
housewares,2364.0,3.5530095759233924,0.29377564979480164,0.26299589603283174,117.72388508891929,96.2754069767442,21.448478112175103,0.08173734610123119,Topic 1: recebi / comprei / entrega,HIGH
diapers_and_hygiene,7.0,2.1666666666666665,0.6666666666666666,0.25,53.43083333333333,36.416666666666664,17.014166666666668,0.0,Topic 1: recebi / comprei / entrega,LOW-N
watches_gifts,2489.0,3.6063869290753807,0.2755291496472336,0.24953583364277757,222.80676568882288,205.84707018195317,16.95969550686966,0.10434459710360193,Topic 3: prazo / antes / produto,HIGH
home_construction,200.0,3.3591836734693876,0.33877551020408164,0.24897959183673468,174.5375102040816,150.80346938775511,23.734040816326527,0.08571428571428572,Topic 1: recebi / comprei / entrega,HIGH
home_confort,219.0,3.4653061224489794,0.3020408163265306,0.24897959183673468,151.82106122448982,132.0507346938776,19.770326530612245,0.1346938775510204,Topic 5: entrega / produto / bom,HIGH
musical_instruments,254.0,3.8315018315018317,0.2271062271062271,0.2454212454212454,333.6987912087912,303.79457875457877,29.90421245421245,0.11721611721611722,Topic 0: produto / recomendo / prazo,HIGH
toys,1447.0,3.7276814386640975,0.2581888246628131,0.24405908798972384,147.94082209377007,128.3910468850353,19.549775208734747,0.10789980732177264,Topic 3: prazo / antes / produto,HIGH
home_appliances,334.0,3.8376068376068377,0.23076923076923078,0.24216524216524216,121.4794871794872,101.77786324786324,19.70162393162393,0.07122507122507123,Topic 3: prazo / antes / produto,HIGH
electronics,1052.0,3.618477331052181,0.2857142857142857,0.24037639007698888,79.94134302822926,62.37119760479041,17.570145423438838,0.11890504704875962,Topic 3: prazo / antes / produto,HIGH
bed_bath_table,4277.0,3.490461655856543,0.30961465089660434,0.2401755055322396,114.20414917970243,95.49578023655094,18.708368943151466,0.10301411674933232,Topic 6: produto / veio / comprei,HIGH
furniture_bedroom,44.0,3.88,0.24,0.24,213.3832,171.8386,41.5446,0.1,Topic 3: prazo / antes / produto,LOW-N
health_beauty,3341.0,3.6715542521994133,0.26606238336443616,0.23913623033857637,147.9868754998667,128.443284457478,19.543591042388694,0.12023460410557185,Topic 3: prazo / antes / produto,HIGH
art,87.0,3.590909090909091,0.2727272727272727,0.23863636363636365,105.22363636363637,87.08204545454545,18.141590909090908,0.07954545454545454,Topic 6: produto / veio / comprei,LOW-N
stationery,850.0,3.7510729613733904,0.25,0.23283261802575106,110.40160944206009,91.85678111587983,18.544828326180255,0.11158798283261803,Topic 0: produto / recomendo / prazo,HIGH
perfumery,1239.0,3.7583395107487028,0.2631578947368421,0.23202372127501852,132.75728687916975,116.44112676056339,16.316160118606376,0.10081541882876205,Topic 3: prazo / antes / produto,HIGH
cool_stuff,1528.0,3.8339598997493733,0.22431077694235588,0.2261904761904762,198.3209085213033,175.42025062656643,22.90065789473684,0.08458646616541353,Topic 0: produto / recomendo / prazo,HIGH
home_appliances_2,103.0,3.737864077669903,0.24271844660194175,0.22330097087378642,545.9004854368932,498.30281553398044,47.59766990291263,0.11650485436893204,Topic 5: entrega / produto / bom,HIGH
pet_shop,651.0,3.744871794871795,0.25256410256410255,0.2230769230769231,133.69723076923077,113.22346153846156,20.473769230769232,0.07051282051282051,Topic 3: prazo / antes / produto,HIGH
furniture_living_room,158.0,3.303030303030303,0.35353535353535354,0.2222222222222222,177.4869191919192,142.45656565656566,35.030353535353534,0.10101010101010101,Topic 6: produto / veio / comprei,HIGH
sports_leisure,2945.0,3.6006399069226296,0.28650378126817916,0.21902268760907503,138.1126905177429,118.10296684118674,20.009723676556135,0.10151250727166958,Topic 3: prazo / antes / produto,HIGH
garden_tools,1585.0,3.6796451453918184,0.26515524889107933,0.21784130113356334,131.36724987678662,108.70029571217349,22.66695416461311,0.09364218827008379,Topic 1: recebi / comprei / entrega,HIGH
construction_tools_construction,299.0,3.5546448087431695,0.30601092896174864,0.21584699453551912,196.28010928961749,173.39103825136615,22.88907103825136,0.1092896174863388,Topic 1: recebi / comprei / entrega,HIGH
industry_commerce_and_business,89.0,3.6542056074766354,0.2523364485981308,0.21495327102803738,164.20532710280375,137.38915887850467,26.816168224299062,0.056074766355140186,Topic 0: produto / recomendo / prazo,LOW-N
auto,1688.0,3.655412647374062,0.27491961414790994,0.2090032154340836,177.56052518756698,154.5211521972133,23.039372990353698,0.1007502679528403,Topic 3: prazo / antes / produto,HIGH
food,163.0,3.740740740740741,0.26455026455026454,0.20634920634920634,74.29259259259258,58.836402116402105,15.456190476190477,0.1164021164021164,Topic 3: prazo / antes / produto,HIGH
food_drink,74.0,4.113636363636363,0.13636363636363635,0.20454545454545456,76.15681818181818,59.43102272727273,16.72579545454545,0.06818181818181818,Topic 3: prazo / antes / produto,LOW-N
small_appliances,270.0,3.7747440273037545,0.2525597269624573,0.20136518771331058,302.53819112627986,277.48621160409556,25.0519795221843,0.05802047781569966,Topic 3: prazo / antes / produto,HIGH
dvds_blu_ray,18.0,3.65,0.3,0.2,217.0215,198.5335,18.488,0.1,Topic 5: entrega / produto / bom,LOW-N
cds_dvds_musicals,5.0,4.4,0.0,0.2,76.702,57.0,19.701999999999998,0.0,Topic 5: entrega / produto / bom,LOW-N
small_appliances_home_oven_and_coffee,30.0,4.066666666666666,0.16666666666666666,0.2,585.754,552.7236666666666,33.03033333333334,0.06666666666666667,Topic 5: entrega / produto / bom,LOW-N
signaling_and_security,57.0,3.7263157894736842,0.2,0.18947368421052632,181.33757894736843,138.10873684210526,43.22884210526315,0.07368421052631578,Topic 1: recebi / comprei / entrega,LOW-N
computers,78.0,3.966666666666667,0.2111111111111111,0.18888888888888888,1104.784222222222,1054.4117777777778,50.37244444444444,0.07777777777777778,Topic 3: prazo / antes / produto,LOW-N
fixed_telephony,99.0,3.2406015037593985,0.38345864661654133,0.18796992481203006,274.866992481203,257.13887218045113,17.72812030075188,0.045112781954887216,Topic 3: prazo / antes / produto,LOW-N
fashion_male_clothing,63.0,3.1733333333333333,0.41333333333333333,0.18666666666666668,99.90613333333333,84.03719999999998,15.868933333333331,0.06666666666666667,Topic 7: produto / recebi / ainda,LOW-N
fashion_bags_accessories,784.0,3.8433179723502304,0.21428571428571427,0.18548387096774194,100.44844470046083,84.44501152073734,16.0034331797235,0.0748847926267281,Topic 0: produto / recomendo / prazo,HIGH
fashion_underwear_beach,50.0,3.7142857142857144,0.2857142857142857,0.17857142857142858,89.98535714285715,74.06178571428572,15.92357142857143,0.25,Topic 0: produto / recomendo / prazo,LOW-N
books_imported,15.0,3.235294117647059,0.4117647058823529,0.17647058823529413,115.14176470588234,99.9835294117647,15.158235294117647,0.11764705882352941,Topic 7: produto / recebi / ainda,LOW-N
costruction_tools_garden,92.0,3.6363636363636362,0.30578512396694213,0.1652892561983471,112.29545454545453,91.11363636363637,21.181818181818187,0.09090909090909091,Topic 0: produto / recomendo / prazo,LOW-N
costruction_tools_tools,41.0,4.3023255813953485,0.13953488372093023,0.16279069767441862,223.5218604651163,202.99465116279072,20.52720930232558,0.046511627906976744,Topic 3: prazo / antes / produto,LOW-N
cine_photo,23.0,3.5384615384615383,0.38461538461538464,0.15384615384615385,101.78076923076924,83.96576923076921,17.815,0.15384615384615385,Topic 5: entrega / produto / bom,LOW-N
luggage_accessories,419.0,4.044543429844098,0.17817371937639198,0.1514476614699332,154.69053452115813,127.0701781737194,27.620356347438754,0.0779510022271715,Topic 3: prazo / antes / produto,HIGH
books_technical,84.0,4.069767441860465,0.18604651162790697,0.1511627906976744,78.61162790697676,62.324999999999996,16.286627906976744,0.11627906976744186,Topic 3: prazo / antes / produto,LOW-N
home_comfort_2,11.0,3.5,0.2857142857142857,0.14285714285714285,38.30857142857143,24.77,13.53857142857143,0.14285714285714285,Topic 0: produto / recomendo / prazo,LOW-N
fashion_shoes,112.0,4.068702290076335,0.19083969465648856,0.12213740458015267,109.0824427480916,90.22694656488548,18.855496183206103,0.07633587786259542,Topic 0: produto / recomendo / prazo,HIGH
books_general_interest,162.0,4.091428571428572,0.17714285714285713,0.12,101.55691428571429,84.87131428571428,16.685599999999997,0.08571428571428572,Topic 3: prazo / antes / produto,HIGH
music,17.0,3.8823529411764706,0.17647058823529413,0.11764705882352941,210.18470588235297,193.9829411764706,16.201764705882354,0.058823529411764705,Topic 5: entrega / produto / bom,LOW-N
flowers,13.0,3.9285714285714284,0.14285714285714285,0.07142857142857142,43.26857142857143,30.126428571428573,13.142142857142858,0.07142857142857142,Topic 1: recebi / comprei / entrega,LOW-N
fashion_childrens_clothes,1.0,5.0,0.0,0.0,97.47999999999999,89.99,7.49,0.0,Topic 2: produto / qualidade / entrega,LOW-N
fashion_sport,7.0,3.7142857142857144,0.2857142857142857,0.0,73.49714285714285,58.50428571428571,14.992857142857144,0.0,Topic 1: recebi / comprei / entrega,LOW-N
