order_month,review_count,avg_review_score,neg_review_rate,neg_sentiment_rate,avg_order_value,avg_item_price,avg_freight,late_delivery_rate
2016-09,3.0,1.0,1.0,0.5,59.12499999999999,44.56,14.565,0.5
2016-10,216.0,3.349442379182156,0.34572490706319703,0.30855018587360594,157.46249070631973,137.1553159851301,20.307174721189593,0.007434944237918215
2016-12,1.0,5.0,0.0,0.0,19.62,10.9,8.72,0.0
2017-01,357.0,3.5926773455377576,0.2723112128146453,0.2654462242562929,143.52771167048056,124.77858123569796,18.74913043478261,0.02745995423340961
2017-02,775.0,3.7704545454545455,0.2409090909090909,0.23068181818181818,166.34575,145.11863636363637,21.227113636363637,0.03636363636363636
2017-03,1107.0,3.6854714064914993,0.258887171561051,0.23956723338485317,151.5552627511592,131.1549304482226,20.40033230293663,0.07650695517774343
2017-04,997.0,3.7315140845070425,0.25880281690140844,0.23503521126760563,154.35834507042253,134.02736795774646,20.33097711267606,0.0880281690140845
2017-05,1485.0,3.7809021675454013,0.23374340949033393,0.23081429408318688,146.6467135325132,126.99191564147628,19.654797891036907,0.04979496192149971
2017-06,1336.0,3.760855476344783,0.23266364225534672,0.2099805573558004,147.47321451717434,127.51610499027866,19.957109526895657,0.05443940375891121
2017-07,1667.0,3.771617497456765,0.2380467955239064,0.19837232960325535,137.63402848423195,117.89935910478128,19.73466937945066,0.04984740590030519
2017-08,1729.0,3.8712233779098564,0.22288261515601784,0.21545319465081725,140.96939574046556,121.27344725111442,19.69594848935116,0.037642397226349676
2017-09,1748.0,3.770263788968825,0.2460431654676259,0.2081534772182254,160.12043645083932,139.4748681055156,20.64556834532374,0.06666666666666667
2017-10,1885.0,3.6559652928416484,0.26377440347071585,0.21822125813449023,148.389409978308,128.05602603036877,20.33338394793926,0.05422993492407809
2017-11,3001.0,3.280518049049325,0.3637365665472582,0.2648112427666024,137.774166437035,117.73935243868836,20.03481399834665,0.18021493524386883
2017-12,2275.0,3.4939439818319453,0.31037093111279335,0.2732778198334595,142.16051476154428,122.55058667676003,19.609928084784254,0.1101438304314913
2018-01,2968.0,3.4335782928208025,0.3258903335217637,0.2736009044657999,139.83564443188243,120.0518089315998,19.78383550028265,0.08790276992651215
2018-02,2849.0,3.1589384660250803,0.39428404782735493,0.3219597550306212,130.07495479731702,111.13899387576552,18.93596092155147,0.20676582093904927
2018-03,3036.0,3.077965164500968,0.41692009952999726,0.3118606580038706,144.00276472214543,122.29111694774676,21.711647774398674,0.25601327066629803
2018-04,2765.0,3.63434404082858,0.27919543680576403,0.2419693785649955,144.46610927649354,123.58446412488742,20.881645151606122,0.058540978685079556
2018-05,2697.0,3.6822229045133557,0.25698495548050354,0.22136935830518883,152.8304758980657,132.94625422167638,19.884221676389316,0.09303039607000307
2018-06,2431.0,3.7208347588094424,0.2593226137529935,0.20218953130345535,148.09827232295586,125.50787204926446,22.590400273691408,0.017105713308244955
2018-07,2452.0,3.8105448154657293,0.2312829525483304,0.22003514938488578,157.25688927943762,133.41227065026362,23.84461862917399,0.053778558875219686
2018-08,2406.0,3.769230769230769,0.24299065420560748,0.22465851905104242,145.13832135154564,123.89667505391806,21.241646297627607,0.11897915168943206
2018-09,1.0,1.0,1.0,1.0,166.46,145.0,21.46,0.0
