state,review_count,avg_review_score,neg_review_rate,neg_sentiment_rate,avg_order_value,avg_item_price,avg_freight,late_delivery_rate
AC,37.0,3.6904761904761907,0.30952380952380953,0.23809523809523808,199.85285714285715,164.86714285714285,34.98571428571429,0.047619047619047616
AL,198.0,3.3440366972477062,0.3669724770642202,0.3211009174311927,198.47490825688072,163.87862385321102,34.59628440366973,0.3119266055045872
AM,64.0,3.48,0.37333333333333335,0.22666666666666666,149.72013333333334,116.78199999999997,32.938133333333326,0.06666666666666667
AP,30.0,3.948717948717949,0.1282051282051282,0.1282051282051282,184.07000000000002,149.45717948717945,34.612820512820505,0.10256410256410256
BA,1640.0,3.4704329461457233,0.3057022175290391,0.25237592397043296,164.80852164730726,138.28126187961982,26.527259767687436,0.16525871172122492
CE,646.0,3.411366711772666,0.33288227334235454,0.2922868741542625,190.37684709066303,157.5000947225981,32.87675236806495,0.17591339648173207
DF,823.0,3.509018036072144,0.30561122244488975,0.28557114228456915,162.2507615230461,140.43397795591184,21.81678356713427,0.10220440881763528
ES,851.0,3.6191950464396285,0.2672858617131063,0.25593395252837975,144.01900928792568,122.12815273477811,21.890856553147575,0.12899896800825594
GO,836.0,3.6169354838709675,0.2762096774193548,0.23286290322580644,150.1299294354839,127.10335685483871,23.026572580645162,0.0967741935483871
MA,341.0,3.304123711340206,0.3556701030927835,0.3170103092783505,183.37636597938143,146.07922680412372,37.297139175257726,0.2345360824742268
MG,4637.0,3.6454794520547944,0.2710502283105023,0.2332420091324201,144.041899543379,123.11043652968037,20.931463013698632,0.06484018264840183
MS,294.0,3.5485714285714285,0.3142857142857143,0.22,189.6466857142857,165.65300000000002,23.993685714285718,0.14857142857142858
MT,402.0,3.5714285714285716,0.2837301587301587,0.20436507936507936,173.78083333333336,144.75674603174602,29.0240873015873,0.07539682539682539
PA,467.0,3.4208566108007448,0.3128491620111732,0.2849162011173184,202.17499068901304,165.63851024208566,36.53648044692737,0.14338919925512103
PB,248.0,3.613559322033898,0.3050847457627119,0.29152542372881357,246.73589830508473,202.38098305084748,44.35491525423729,0.14576271186440679
PE,817.0,3.5440528634361232,0.30616740088105726,0.2533039647577093,183.10562775330396,150.09642070484585,33.00920704845815,0.12334801762114538
PI,223.0,3.588709677419355,0.28225806451612906,0.23790322580645162,194.3190322580645,155.51221774193547,38.80681451612903,0.16129032258064516
PR,1837.0,3.600907029478458,0.2920634920634921,0.22993197278911565,146.24601814058957,124.78875736961452,21.457260770975054,0.05442176870748299
RJ,5605.0,3.2759339187379073,0.3722280101205537,0.29379371930346776,150.90928114302724,129.50996279208215,21.399318350945084,0.1625241851465992
RN,208.0,3.6186440677966103,0.2796610169491525,0.2711864406779661,208.2441525423729,172.74127118644068,35.5028813559322,0.1483050847457627
RO,105.0,3.7058823529411766,0.2605042016806723,0.24369747899159663,206.96411764705883,165.9032773109244,41.06084033613445,0.03361344537815126
RR,21.0,3.16,0.4,0.24,198.27560000000003,161.4844,36.791199999999996,0.16
RS,1989.0,3.5353577371048255,0.3011647254575707,0.24708818635607321,144.70478785357736,122.70328618968384,22.001501663893507,0.09026622296173045
SC,1341.0,3.4604229607250754,0.31782477341389725,0.25317220543806646,146.971081570997,125.55523867069485,21.415842900302117,0.13051359516616315
SE,188.0,3.6875,0.2644230769230769,0.22115384615384615,195.66336538461536,159.50548076923076,36.15788461538462,0.1875
SP,16211.0,3.685579318936877,0.2604339700996678,0.22710755813953487,128.5014482973422,113.11745535714284,15.383992940199334,0.0715843023255814
TO,121.0,3.9338235294117645,0.18382352941176472,0.2426470588235294,201.4578676470588,165.1422794117647,36.315588235294115,0.13970588235294118
