order_quarter,review_count,avg_review_score,neg_review_rate,neg_sentiment_rate,avg_order_value,avg_item_price,avg_freight,late_delivery_rate
2016Q3,3.0,1.0,1.0,0.5,59.12499999999999,44.56,14.565,0.5
2016Q4,217.0,3.3555555555555556,0.34444444444444444,0.3074074074074074,156.95196296296297,136.6877037037037,20.26425925925926,0.007407407407407408
2017Q1,2238.0,3.6985829184220607,0.2550746840291076,0.24090386824971274,155.1966219839142,134.79399463806968,20.402627345844504,0.05476828801225584
2017Q2,3818.0,3.7610579115367075,0.23985408116735066,0.224578203374373,148.93483584131326,128.99854993160054,19.936285909712726,0.061331509347925216
2017Q3,5144.0,3.8042833607907744,0.2357495881383855,0.20741350906095551,146.46735090609556,126.43267380560133,20.034677100494232,0.05156507413509061
2017Q4,7161.0,3.447178171641791,0.3204291044776119,0.25489738805970147,141.97855876865674,121.99439132462687,19.98416744402985,0.12476679104477612
2018Q1,8853.0,3.2230725623582765,0.3791572184429327,0.30234315948601664,138.09746126228268,117.92950491307633,20.167956349206353,0.18386243386243387
2018Q2,7892.0,3.677320996740616,0.26548207338870783,0.22268951740090423,148.4467164336032,127.38148564819683,21.065230785406367,0.05761749553148986
2018Q3,4858.0,3.7896233120113716,0.23720682302771856,0.2224591329068941,151.26814498933905,128.71063610518834,22.557508884150675,0.08599857853589196
