category,review_count,neg_review_rate,neg_sentiment_rate,avg_order_value,total_value,segment
office_furniture,606.0,0.42601431980906923,0.3854415274463007,202.0133770883055,122420.10651551314,HIGH Risk + HIGH Exposure
unknown,628.0,0.38613861386138615,0.3055162659123055,141.09902404526167,88610.18710042433,HIGH Risk + HIGH Exposure
audio,156.0,0.34146341463414637,0.3048780487804878,147.30475609756098,22979.541951219515,HIGH Risk + LOW Exposure
air_conditioning,103.0,0.34375,0.3046875,208.18140625000004,21442.684843750005,HIGH Risk + LOW Exposure
drinks,120.0,0.3246753246753247,0.2922077922077922,66.54935064935066,7985.922077922079,HIGH Risk + LOW Exposure
computers_accessories,2707.0,0.3465045592705167,0.2896656534954407,142.1153981762918,384706.38286322186,HIGH Risk + HIGH Exposure
market_place,110.0,0.288,0.28,125.28912000000001,13781.803200000002,HIGH Risk + LOW Exposure
telephony,1852.0,0.2842515845928815,0.2749878108239883,92.04455387615796,170466.51377864456,HIGH Risk + HIGH Exposure
furniture_decor,2585.0,0.339575181665735,0.2674678591391839,109.06785913918391,281940.4158747904,HIGH Risk + HIGH Exposure
baby,1074.0,0.3262350936967632,0.26490630323679726,171.1808091993186,183848.18908006817,HIGH Risk + HIGH Exposure
consoles_games,399.0,0.30205949656750575,0.2631578947368421,191.0312585812357,76221.47217391305,HIGH Risk + LOW Exposure
housewares,2364.0,0.29377564979480164,0.26299589603283174,117.72388508891929,278299.2643502052,HIGH Risk + HIGH Exposure
watches_gifts,2489.0,0.2755291496472336,0.24953583364277757,222.80676568882288,554566.0397994801,HIGH Risk + HIGH Exposure
home_construction,200.0,0.33877551020408164,0.24897959183673468,174.5375102040816,34907.50204081632,HIGH Risk + LOW Exposure
home_confort,219.0,0.3020408163265306,0.24897959183673468,151.82106122448982,33248.81240816327,HIGH Risk + LOW Exposure
musical_instruments,254.0,0.2271062271062271,0.2454212454212454,333.6987912087912,84759.49296703296,HIGH Risk + LOW Exposure
toys,1447.0,0.2581888246628131,0.24405908798972384,147.94082209377007,214070.36956968528,HIGH Risk + HIGH Exposure
home_appliances,334.0,0.23076923076923078,0.24216524216524216,121.4794871794872,40574.14871794872,HIGH Risk + LOW Exposure
electronics,1052.0,0.2857142857142857,0.24037639007698888,79.94134302822926,84098.29286569718,LOW Risk + LOW Exposure
bed_bath_table,4277.0,0.30961465089660434,0.2401755055322396,114.20414917970243,488451.1460415873,LOW Risk + HIGH Exposure
health_beauty,3341.0,0.26606238336443616,0.23913623033857637,147.9868754998667,494424.15104505466,LOW Risk + HIGH Exposure
stationery,850.0,0.25,0.23283261802575106,110.40160944206009,93841.36802575107,LOW Risk + HIGH Exposure
perfumery,1239.0,0.2631578947368421,0.23202372127501852,132.75728687916975,164486.27844329132,LOW Risk + HIGH Exposure
cool_stuff,1528.0,0.22431077694235588,0.2261904761904762,198.3209085213033,303034.34822055144,LOW Risk + HIGH Exposure
home_appliances_2,103.0,0.24271844660194175,0.22330097087378642,545.9004854368932,56227.75,LOW Risk + LOW Exposure
pet_shop,651.0,0.25256410256410255,0.2230769230769231,133.69723076923077,87036.89723076923,LOW Risk + HIGH Exposure
furniture_living_room,158.0,0.35353535353535354,0.2222222222222222,177.4869191919192,28042.933232323237,LOW Risk + LOW Exposure
sports_leisure,2945.0,0.28650378126817916,0.21902268760907503,138.1126905177429,406741.8735747528,LOW Risk + HIGH Exposure
garden_tools,1585.0,0.26515524889107933,0.21784130113356334,131.36724987678662,208217.09105470678,LOW Risk + HIGH Exposure
construction_tools_construction,299.0,0.30601092896174864,0.21584699453551912,196.28010928961749,58687.75267759563,LOW Risk + LOW Exposure
auto,1688.0,0.27491961414790994,0.2090032154340836,177.56052518756698,299722.16651661304,LOW Risk + HIGH Exposure
food,163.0,0.26455026455026454,0.20634920634920634,74.29259259259258,12109.692592592592,LOW Risk + LOW Exposure
small_appliances,270.0,0.2525597269624573,0.20136518771331058,302.53819112627986,81685.31160409556,LOW Risk + LOW Exposure
fashion_bags_accessories,784.0,0.21428571428571427,0.18548387096774194,100.44844470046083,78751.58064516129,LOW Risk + LOW Exposure
luggage_accessories,419.0,0.17817371937639198,0.1514476614699332,154.69053452115813,64815.33396436526,LOW Risk + LOW Exposure
fashion_shoes,112.0,0.19083969465648856,0.12213740458015267,109.0824427480916,12217.233587786259,LOW Risk + LOW Exposure
books_general_interest,162.0,0.17714285714285713,0.12,101.55691428571429,16452.220114285716,LOW Risk + LOW Exposure
