category,Customer Service,Customer ServiceDescription Mismatch,Customer ServicePackaging,Customer ServicePackagingDescription Mismatch,Customer ServicePackagingPrice/Value,Customer ServicePrice/Value,Delivery/Logistics,Delivery/LogisticsCustomer Service,Delivery/LogisticsCustomer ServiceDescription Mismatch,Delivery/LogisticsCustomer ServicePackaging,Delivery/LogisticsCustomer ServicePackagingDescription Mismatch,Delivery/LogisticsCustomer ServicePackagingPrice/Value,Delivery/LogisticsCustomer ServicePrice/Value,Delivery/LogisticsCustomer ServicePrice/ValueDescription Mismatch,Delivery/LogisticsDescription Mismatch,Delivery/LogisticsPackaging,Delivery/LogisticsPackagingDescription Mismatch,Delivery/LogisticsPackagingPrice/Value,Delivery/LogisticsPackagingPrice/ValueDescription Mismatch,Delivery/LogisticsPrice/Value,Delivery/LogisticsPrice/ValueDescription Mismatch,Delivery/LogisticsProduct Quality,Delivery/LogisticsProduct QualityCustomer Service,Delivery/LogisticsProduct QualityCustomer ServiceDescription Mismatch,Delivery/LogisticsProduct QualityCustomer ServicePackaging,Delivery/LogisticsProduct QualityCustomer ServicePackagingDescription Mismatch,Delivery/LogisticsProduct QualityCustomer ServicePrice/Value,Delivery/LogisticsProduct QualityCustomer ServicePrice/ValueDescription Mismatch,Delivery/LogisticsProduct QualityDescription Mismatch,Delivery/LogisticsProduct QualityPackaging,Delivery/LogisticsProduct QualityPackagingDescription Mismatch,Delivery/LogisticsProduct QualityPackagingPrice/Value,Delivery/LogisticsProduct QualityPackagingPrice/ValueDescription Mismatch,Delivery/LogisticsProduct QualityPrice/Value,Delivery/LogisticsProduct QualityPrice/ValueDescription Mismatch,Delivery/LogisticsProduct QualityWrong/Missing Item,Delivery/LogisticsProduct QualityWrong/Missing ItemCustomer Service,Delivery/LogisticsProduct QualityWrong/Missing ItemCustomer ServiceDescription Mismatch,Delivery/LogisticsProduct QualityWrong/Missing ItemCustomer ServicePrice/Value,Delivery/LogisticsProduct QualityWrong/Missing ItemDescription Mismatch,Delivery/LogisticsProduct QualityWrong/Missing ItemPackaging,Delivery/LogisticsProduct QualityWrong/Missing ItemPackagingDescription Mismatch,Delivery/LogisticsProduct QualityWrong/Missing ItemPrice/Value,Delivery/LogisticsProduct QualityWrong/Missing ItemPrice/ValueDescription Mismatch,Delivery/LogisticsWrong/Missing Item,Delivery/LogisticsWrong/Missing ItemCustomer Service,Delivery/LogisticsWrong/Missing ItemCustomer ServicePackaging,Delivery/LogisticsWrong/Missing ItemCustomer ServicePrice/Value,Delivery/LogisticsWrong/Missing ItemDescription Mismatch,Delivery/LogisticsWrong/Missing ItemPackaging,Delivery/LogisticsWrong/Missing ItemPrice/Value,Delivery/LogisticsWrong/Missing ItemPrice/ValueDescription Mismatch,Description Mismatch,Packaging,PackagingDescription Mismatch,PackagingPrice/Value,Price/Value,Price/ValueDescription Mismatch,Product Quality,Product QualityCustomer Service,Product QualityCustomer ServiceDescription Mismatch,Product QualityCustomer ServicePackaging,Product QualityCustomer ServicePackagingDescription Mismatch,Product QualityCustomer ServicePackagingPrice/Value,Product QualityCustomer ServicePrice/Value,Product QualityCustomer ServicePrice/ValueDescription Mismatch,Product QualityDescription Mismatch,Product QualityPackaging,Product QualityPackagingDescription Mismatch,Product QualityPackagingPrice/Value,Product QualityPackagingPrice/ValueDescription Mismatch,Product QualityPrice/Value,Product QualityPrice/ValueDescription Mismatch,Product QualityWrong/Missing Item,Product QualityWrong/Missing ItemCustomer Service,Product QualityWrong/Missing ItemCustomer ServiceDescription Mismatch,Product QualityWrong/Missing ItemCustomer ServicePackaging,Product QualityWrong/Missing ItemCustomer ServicePackagingDescription Mismatch,Product QualityWrong/Missing ItemCustomer ServicePrice/Value,Product QualityWrong/Missing ItemCustomer ServicePrice/ValueDescription Mismatch,Product QualityWrong/Missing ItemDescription Mismatch,Product QualityWrong/Missing ItemPackaging,Product QualityWrong/Missing ItemPackagingDescription Mismatch,Product QualityWrong/Missing ItemPackagingPrice/Value,Product QualityWrong/Missing ItemPrice/Value,Product QualityWrong/Missing ItemPrice/ValueDescription Mismatch,Uncategorized,Wrong/Missing Item,Wrong/Missing ItemCustomer Service,Wrong/Missing ItemCustomer ServiceDescription Mismatch,Wrong/Missing ItemCustomer ServicePackaging,Wrong/Missing ItemCustomer ServicePackagingDescription Mismatch,Wrong/Missing ItemDescription Mismatch,Wrong/Missing ItemPackaging,Wrong/Missing ItemPackagingDescription Mismatch,Wrong/Missing ItemPrice/Value,Wrong/Missing ItemPrice/ValueDescription Mismatch
air_conditioning,0.25,0.0,0.0,0.0,0.0,0.0,0.17391304347826086,0.0,0.0,0.0,0.0,0.0,0.0,0.0,0.0,0.0,0.0,0.0,0.0,0.3333333333333333,0.0,0.11764705882352941,1.0,0.0,1.0,0.0,0.0,0.0,1.0,0.0,0.0,0.0,0.0,0.0,0.0,0.0,0.0,0.0,0.0,0.0,0.0,0.0,0.0,0.0,0.0,0.0,0.0,0.0,0.0,0.0,0.0,0.0,0.0,0.0,0.0,0.0,0.0,0.0,0.5833333333333334,0.0,0.0,0.0,0.0,0.0,0.0,0.0,1.0,0.0,0.0,0.0,0.0,0.5,0.0,0.3333333333333333,0.5,0.0,0.0,0.0,0.0,0.0,0.0,0.0,0.0,0.0,0.0,0.0,0.20689655172413793,0.3333333333333333,0.0,0.0,0.0,0.0,0.0,0.0,0.0,0.0,0.0
audio,0.25,0.0,0.0,0.0,0.0,0.0,0.16666666666666666,0.25,0.0,0.0,0.0,0.0,0.0,0.0,0.0,0.0,0.0,0.0,0.0,0.0,0.0,0.11538461538461539,0.7,0.0,0.0,0.0,0.0,0.0,0.0,0.0,0.0,0.0,0.0,0.5,0.0,0.0,0.0,0.0,0.0,0.0,0.0,0.0,0.0,0.0,0.0,0.0,0.0,0.0,0.0,0.0,0.0,0.0,0.0,0.0,0.0,0.0,0.0,0.0,0.5161290322580645,0.5,1.0,0.0,0.0,0.0,0.0,0.0,0.0,1.0,0.0,0.0,0.0,0.0,0.3333333333333333,0.0,0.0,0.0,1.0,0.0,0.0,0.0,1.0,0.0,0.0,0.0,0.0,0.0,0.1,1.0,0.0,0.0,0.0,0.0,0.0,0.0,0.0,0.0,0.0
auto,0.17391304347826086,0.0,1.0,0.0,0.0,1.0,0.19254658385093168,0.21621621621621623,0.0,0.0,0.0,0.0,0.8571428571428571,0.0,0.14285714285714285,0.0,0.0,0.0,0.0,0.17647058823529413,0.0,0.12539184952978055,0.2631578947368421,0.0,0.0,0.0,0.4,0.0,0.125,0.7272727272727273,0.0,0.0,0.0,0.35294117647058826,0.0,0.6,1.0,0.6666666666666666,0.0,0.5,0.0,0.0,1.0,0.0,0.4375,0.0,0.0,0.0,0.0,0.0,1.0,0.0,0.125,0.16666666666666666,0.0,0.0,0.0625,0.5,0.3114754098360656,0.2903225806451613,0.5,1.0,0.0,0.0,0.0,0.0,0.5,0.5555555555555556,0.25,0.0,0.0,0.125,0.0,0.6153846153846154,0.3333333333333333,0.0,0.0,0.0,1.0,0.0,0.3333333333333333,1.0,0.0,0.0,0.0,1.0,0.118491921005386,0.75,1.0,0.0,0.0,0.0,0.0,0.0,0.0,0.0,0.0
baby,0.2978723404255319,1.0,0.0,0.0,0.0,0.0,0.24882629107981222,0.4090909090909091,0.0,0.0,0.0,0.0,1.0,0.0,0.0,0.0,0.0,0.0,0.0,0.5,0.0,0.15346534653465346,0.47368421052631576,0.0,0.5,0.0,0.6666666666666666,0.0,0.25,0.75,0.0,0.0,0.0,0.3076923076923077,0.0,0.5,0.25,0.0,0.0,0.5,0.0,1.0,0.0,0.0,0.14285714285714285,1.0,0.0,0.0,0.0,0.0,0.0,0.0,0.18181818181818182,1.0,0.0,0.0,0.42857142857142855,0.0,0.26704545454545453,0.6190476190476191,0.0,0.0,0.0,0.0,1.0,0.0,0.375,1.0,0.0,0.0,0.0,0.5833333333333334,0.0,0.3076923076923077,1.0,0.0,0.0,0.0,0.0,0.0,0.375,0.0,0.0,0.0,0.0,0.0,0.18661971830985916,0.5454545454545454,0.6666666666666666,0.0,0.0,0.0,0.0,0.0,0.0,1.0,0.0
bed_bath_table,0.41911764705882354,0.6,0.6666666666666666,0.0,0.0,0.125,0.22558459422283356,0.2653061224489796,0.0,0.0,0.0,0.0,0.8571428571428571,0.0,0.13793103448275862,0.0,0.0,0.0,0.0,0.4666666666666667,0.0,0.15598885793871867,0.3888888888888889,0.0,0.5,0.0,0.4,0.0,0.2222222222222222,0.8571428571428571,0.0,0.0,0.0,0.358974358974359,0.0,0.6666666666666666,0.75,1.0,1.0,0.3333333333333333,0.0,0.0,0.0,0.0,0.3548387096774194,0.0,0.0,1.0,0.7142857142857143,0.0,1.0,0.0,0.21212121212121213,0.0,0.5,1.0,0.18,0.3333333333333333,0.29674306393244876,0.4731182795698925,1.0,0.6666666666666666,0.0,0.0,0.6666666666666666,1.0,0.4444444444444444,0.5714285714285714,0.0,0.0,0.0,0.2711864406779661,0.25,0.48214285714285715,0.8947368421052632,1.0,0.0,0.0,0.16666666666666666,0.0,0.5882352941176471,0.0,1.0,0.0,1.0,1.0,0.1320754716981132,0.5373134328358209,0.75,0.75,0.0,0.0,0.3333333333333333,0.0,0.0,0.3333333333333333,0.0
books_general_interest,0.0,1.0,0.0,0.0,0.0,1.0,0.0784313725490196,0.0,0.0,0.0,0.0,0.0,0.0,0.0,0.0,0.0,0.0,0.0,0.0,0.5,0.0,0.12903225806451613,0.5,0.0,0.0,0.0,0.0,0.0,0.0,0.0,0.0,0.0,0.0,0.0,0.0,1.0,0.0,0.0,0.0,0.0,0.0,0.0,0.0,0.0,0.0,0.0,0.0,0.0,0.0,0.0,0.0,0.0,0.3333333333333333,0.0,0.0,0.0,0.0,1.0,0.4,0.0,0.0,0.0,0.0,0.0,0.0,0.0,0.0,0.0,0.0,0.0,0.0,1.0,0.0,0.0,0.0,0.0,0.0,0.0,0.0,0.0,0.0,0.0,0.0,0.0,0.0,0.0,0.05357142857142857,0.0,0.0,0.0,0.0,0.0,0.0,0.0,0.0,0.0,0.0
computers_accessories,0.30597014925373134,1.0,0.0,0.0,0.0,0.5454545454545454,0.22702702702702704,0.4235294117647059,0.0,1.0,0.0,0.0,0.3333333333333333,0.0,0.0,0.6666666666666666,0.0,0.0,1.0,0.42857142857142855,0.0,0.18416523235800344,0.44954128440366975,0.0,0.0,0.0,0.2857142857142857,1.0,0.16666666666666666,0.625,1.0,1.0,0.0,0.47058823529411764,1.0,0.5,0.6666666666666666,0.0,0.0,1.0,0.0,0.0,1.0,0.0,0.5769230769230769,1.0,0.0,0.0,0.0,0.0,0.6,0.0,0.43478260869565216,0.625,0.2,0.0,0.2,1.0,0.3924050632911392,0.5833333333333334,0.6666666666666666,1.0,0.0,0.0,1.0,0.0,0.36666666666666664,0.7692307692307693,1.0,0.0,0.0,0.2,0.0,0.6551724137931034,0.6,0.0,1.0,0.0,0.0,0.0,0.5714285714285714,1.0,0.0,0.0,1.0,0.0,0.17758046614872364,0.8,1.0,1.0,0.0,0.0,0.5,1.0,0.0,0.0,0.0
consoles_games,0.1875,0.0,0.0,0.0,0.0,0.0,0.2375,0.375,0.0,0.0,0.0,0.0,0.0,0.0,0.0,1.0,0.0,0.0,0.0,0.5,0.0,0.19318181818181818,0.42105263157894735,1.0,0.5,0.0,1.0,0.0,0.25,0.42857142857142855,0.0,0.0,0.0,0.2,0.0,1.0,0.0,0.0,1.0,0.0,0.0,0.0,0.0,0.0,0.3333333333333333,0.0,0.0,0.0,0.0,0.0,0.0,0.0,1.0,0.0,0.0,0.0,0.0,0.0,0.23076923076923078,0.625,0.0,0.0,0.0,0.0,0.0,0.0,0.0,1.0,0.0,0.0,0.0,0.0,0.0,0.6666666666666666,0.0,0.0,0.0,0.0,0.0,0.0,1.0,0.0,0.0,0.0,1.0,0.0,0.15789473684210525,0.8,0.0,0.0,0.0,0.0,0.0,0.0,0.0,0.0,0.0
construction_tools_construction,0.07692307692307693,0.0,0.0,0.0,0.0,0.0,0.26,0.16666666666666666,0.0,0.0,0.0,0.0,0.0,0.0,0.0,0.0,0.0,0.0,0.0,0.0,0.0,0.16129032258064516,0.375,0.0,0.0,0.0,1.0,0.0,0.0,1.0,0.0,0.0,0.0,0.5,0.0,1.0,0.0,0.0,0.0,0.0,0.0,0.0,0.0,0.0,0.0,0.0,0.0,0.0,0.0,0.0,0.0,0.0,0.0,1.0,0.0,0.0,0.0,0.0,0.19672131147540983,0.6,0.0,0.0,0.0,0.0,0.0,0.0,0.0,0.0,0.0,0.0,0.0,0.5,0.0,0.7142857142857143,1.0,0.0,0.0,0.0,0.0,0.0,0.0,0.0,0.0,0.0,1.0,0.0,0.15517241379310345,1.0,0.0,0.0,0.0,0.0,0.0,0.0,0.0,0.0,0.0
cool_stuff,0.20454545454545456,0.0,0.0,0.0,0.0,0.5,0.17692307692307693,0.42857142857142855,0.0,0.6666666666666666,0.0,0.0,0.0,0.0,0.0,0.3333333333333333,0.0,0.0,0.0,0.6666666666666666,0.0,0.13486842105263158,0.225,0.0,1.0,0.0,0.6666666666666666,0.0,0.0,0.6,0.0,0.0,0.0,0.15384615384615385,0.0,0.375,0.0,0.0,0.0,0.0,1.0,0.0,0.0,0.0,0.0,1.0,0.0,0.0,0.0,0.0,0.0,0.0,0.45454545454545453,0.6666666666666666,0.0,0.0,0.2857142857142857,0.0,0.31797235023041476,0.48148148148148145,1.0,1.0,0.0,0.0,0.5,0.0,0.21739130434782608,0.7142857142857143,0.0,0.0,0.0,0.4,0.6666666666666666,0.6666666666666666,0.8,0.0,0.0,0.0,1.0,0.0,0.75,0.0,0.0,0.0,0.0,0.0,0.13274336283185842,0.8181818181818182,0.75,0.0,0.0,0.0,1.0,0.0,0.0,1.0,0.0
drinks,0.0,0.0,0.0,0.0,0.0,0.0,0.1724137931034483,0.0,0.0,0.0,0.0,0.0,0.0,0.0,0.0,0.0,0.0,0.0,0.0,0.0,0.0,0.12,0.0,0.0,0.0,0.0,0.0,0.0,0.0,0.0,0.0,0.0,0.0,0.0,0.0,0.0,0.0,0.0,0.0,0.0,0.0,0.0,0.0,0.0,0.0,1.0,0.0,0.0,0.0,0.0,0.0,0.0,1.0,1.0,0.0,0.0,1.0,0.0,0.07142857142857142,0.5,0.0,0.0,0.0,0.0,0.0,0.0,0.0,1.0,0.0,0.0,0.0,1.0,0.0,1.0,0.0,0.0,0.0,0.0,0.0,0.0,0.0,0.0,0.0,0.0,0.0,0.0,0.25,1.0,0.0,0.0,0.0,0.0,0.0,0.0,0.0,0.0,0.0
electronics,0.2711864406779661,0.0,0.0,0.0,0.0,0.5,0.20772946859903382,0.4838709677419355,1.0,0.0,0.0,0.0,0.0,0.0,0.0,0.5,0.0,0.0,0.0,0.36363636363636365,0.0,0.20574162679425836,0.27586206896551724,0.0,0.0,0.0,0.6666666666666666,0.0,0.14285714285714285,0.2,1.0,0.0,0.0,0.25,0.0,0.7777777777777778,0.0,0.0,0.0,0.0,0.0,0.0,0.0,0.0,0.25,0.0,0.0,0.0,0.0,0.0,0.0,0.0,0.3,0.0,0.0,0.0,0.0,0.0,0.25,0.38461538461538464,1.0,0.0,0.0,0.0,0.6666666666666666,0.0,0.14285714285714285,0.6,0.0,0.0,0.0,0.125,0.0,0.375,0.5,0.0,0.0,0.0,0.0,0.0,1.0,0.0,0.0,0.0,1.0,0.0,0.16181229773462782,0.7777777777777778,0.75,0.0,0.0,0.0,0.5,0.0,0.0,0.0,0.0
fashion_bags_accessories,0.11764705882352941,0.0,0.0,0.0,0.0,0.0,0.136,0.28,0.0,0.0,0.0,0.0,0.0,0.0,0.3333333333333333,0.0,0.0,0.0,0.0,0.9,0.0,0.14084507042253522,0.35,0.0,0.0,0.0,1.0,0.0,0.09090909090909091,0.5,0.0,0.0,0.0,0.5,0.0,0.5,0.0,0.0,0.0,0.0,0.0,0.0,0.0,0.0,1.0,0.0,0.0,0.0,0.0,0.0,0.0,0.0,0.16666666666666666,0.5,0.0,0.0,0.4,0.0,0.1565217391304348,0.16666666666666666,0.0,1.0,0.0,0.0,0.0,0.0,0.16666666666666666,0.0,0.0,0.0,0.0,0.0,0.0,0.4444444444444444,0.4,0.0,0.0,0.0,0.0,0.0,0.5,0.0,0.0,0.0,0.0,0.0,0.14338235294117646,0.7,1.0,1.0,0.0,0.0,0.0,0.0,0.0,0.0,0.0
fashion_shoes,0.0,0.0,0.0,0.0,0.0,0.0,0.0,0.0,0.0,0.0,0.0,0.0,0.0,0.0,0.0,0.0,0.0,0.0,0.0,0.0,0.0,0.1,0.0,0.0,0.0,0.0,0.0,0.0,0.0,0.0,0.0,0.0,0.0,0.0,0.0,0.0,0.0,0.0,0.0,0.0,0.0,0.0,0.0,0.0,1.0,0.0,0.0,0.0,0.0,0.0,0.0,0.0,0.0,0.0,0.0,0.0,0.0,0.0,0.15384615384615385,0.0,0.0,0.0,0.0,0.0,0.0,0.0,0.0,0.0,0.0,0.0,0.0,0.0,0.0,1.0,0.0,0.0,0.0,0.0,0.0,0.0,0.0,0.0,0.0,0.0,0.0,0.0,0.09615384615384616,0.4,0.0,1.0,0.0,0.0,0.0,0.0,0.0,0.0,0.0
food,0.0,0.0,0.0,0.0,0.0,0.0,0.13953488372093023,0.0,0.0,0.0,0.0,0.0,0.0,0.0,0.0,0.0,0.0,0.0,0.0,0.0,0.0,0.09523809523809523,0.0,0.0,0.0,0.0,0.0,0.0,0.0,0.5,0.0,0.0,0.0,0.0,0.0,1.0,0.0,0.0,0.0,0.0,0.0,0.0,0.0,0.0,0.0,0.0,0.0,0.0,0.0,0.0,0.0,0.0,0.0,1.0,0.0,0.0,0.0,0.0,0.36363636363636365,0.0,0.0,0.0,0.0,0.0,0.0,0.0,0.0,0.0,0.0,0.0,0.0,0.0,0.0,1.0,0.0,0.0,0.0,0.0,0.0,0.0,1.0,0.0,0.0,0.0,0.0,0.0,0.22950819672131148,0.0,0.0,0.0,0.0,0.0,0.0,0.0,0.0,0.0,0.0
furniture_decor,0.3220338983050847,0.6666666666666666,0.6,0.0,1.0,0.6666666666666666,0.2035225048923679,0.37037037037037035,0.0,1.0,0.0,0.0,0.0,0.0,0.18181818181818182,0.5,0.0,0.0,0.0,0.7083333333333334,1.0,0.1602112676056338,0.45588235294117646,0.0,0.0,0.0,0.7142857142857143,0.0,0.09375,0.4117647058823529,0.25,1.0,0.0,0.59375,0.0,0.7272727272727273,1.0,0.0,0.0,0.16666666666666666,0.0,0.0,0.0,0.0,0.3333333333333333,0.36363636363636365,0.0,0.0,0.5,0.0,0.0,0.0,0.14634146341463414,0.42105263157894735,0.0,0.0,0.2647058823529412,1.0,0.2611336032388664,0.5057471264367817,1.0,0.3333333333333333,0.0,0.0,0.7142857142857143,0.0,0.35294117647058826,0.9333333333333333,0.3333333333333333,0.0,0.0,0.17391304347826086,0.0,0.4883720930232558,0.5,1.0,0.0,0.0,0.0,0.0,0.8666666666666667,1.0,0.0,0.0,0.0,1.0,0.20736434108527133,0.5918367346938775,0.6363636363636364,0.0,0.0,0.0,0.6875,1.0,0.0,0.3333333333333333,0.0
furniture_living_room,0.5,0.0,0.0,0.0,0.0,0.0,0.16279069767441862,0.0,0.0,0.0,0.0,0.0,0.0,0.0,0.5,1.0,0.0,0.0,0.0,0.3333333333333333,0.0,0.15151515151515152,0.5,0.0,0.0,0.0,0.0,0.0,0.0,0.0,0.0,0.0,0.0,0.0,0.0,0.0,0.0,0.0,0.0,0.0,0.0,1.0,0.0,0.0,0.3333333333333333,0.0,0.0,0.0,0.0,0.0,0.0,0.0,0.0,1.0,0.0,0.0,0.0,0.0,0.2,0.0,0.0,0.0,0.0,0.0,0.0,0.0,0.0,1.0,1.0,0.0,0.0,0.0,0.0,0.5,1.0,0.0,0.0,0.0,0.0,0.0,0.0,0.0,0.0,0.0,0.0,0.0,0.17647058823529413,0.8,0.0,0.0,0.0,0.0,1.0,0.0,0.0,0.0,0.0
garden_tools,0.3855421686746988,0.0,0.0,0.0,0.0,0.0,0.17478510028653296,0.5245901639344263,0.0,0.0,0.0,0.0,1.0,0.0,0.14285714285714285,0.75,0.0,0.0,0.0,0.7083333333333334,0.0,0.12121212121212122,0.2786885245901639,0.0,1.0,0.0,0.5,0.0,0.041666666666666664,0.5,0.0,1.0,0.0,0.26666666666666666,1.0,0.5555555555555556,0.5,1.0,0.0,1.0,0.0,0.0,0.2,0.0,0.32,0.0,0.0,0.0,0.0,0.0,0.0,0.0,0.1,0.2857142857142857,0.0,0.0,0.05555555555555555,0.0,0.23983739837398374,0.34210526315789475,0.0,0.0,0.0,0.0,1.0,0.0,0.0,0.75,0.0,0.0,0.0,0.125,0.0,0.75,1.0,1.0,0.0,0.0,0.0,0.0,1.0,0.0,0.0,0.0,0.0,0.0,0.14564831261101244,0.4074074074074074,0.6666666666666666,0.0,0.0,0.0,1.0,0.0,0.0,1.0,0.0
health_beauty,0.20652173913043478,0.5,0.0,0.0,1.0,0.5,0.18865030674846625,0.32,0.0,1.0,0.0,0.0,0.7857142857142857,0.0,0.2857142857142857,0.75,0.0,0.0,0.0,0.5238095238095238,0.0,0.14985994397759103,0.30097087378640774,0.0,0.6666666666666666,0.0,0.0,0.0,0.08333333333333333,0.5652173913043478,0.0,0.0,0.0,0.4473684210526316,1.0,0.7916666666666666,0.8,1.0,1.0,0.25,0.5,0.0,1.0,0.0,0.7619047619047619,1.0,0.0,0.0,1.0,1.0,1.0,0.0,0.3076923076923077,0.6666666666666666,1.0,1.0,0.4,0.0,0.28665207877461707,0.4084507042253521,1.0,0.6666666666666666,0.0,0.0,0.5,0.0,0.14285714285714285,0.625,0.0,0.0,0.0,0.3333333333333333,0.0,0.631578947368421,0.7894736842105263,1.0,0.0,0.0,0.0,0.0,0.625,0.3333333333333333,0.5,0.0,0.2,0.0,0.12097560975609756,0.7272727272727273,0.6666666666666666,0.0,0.0,0.0,0.75,0.0,0.0,0.6666666666666666,0.0
home_appliances,0.125,0.0,0.0,0.0,0.0,0.0,0.09375,0.23076923076923078,0.0,0.0,0.0,0.0,0.0,0.0,0.0,0.0,0.0,0.0,0.0,0.5,0.0,0.18181818181818182,0.625,0.0,1.0,0.0,0.0,0.0,0.0,1.0,0.0,0.0,0.0,0.2,0.0,1.0,0.0,0.0,0.0,0.3333333333333333,0.0,0.0,0.0,0.0,1.0,0.0,0.0,0.0,0.0,0.0,0.0,0.0,0.0,0.0,0.0,0.0,0.0,0.0,0.28,0.8,0.0,0.0,0.0,0.0,0.5,0.0,0.6,0.0,0.0,0.0,0.0,0.0,0.0,1.0,1.0,0.0,0.0,0.0,0.0,0.0,0.0,0.0,0.0,0.0,0.0,0.0,0.18681318681318682,0.3333333333333333,0.0,0.0,0.0,0.0,0.0,0.0,0.0,0.0,0.0
home_appliances_2,0.25,0.0,0.0,0.0,0.0,0.0,0.16666666666666666,0.0,1.0,0.0,0.0,0.0,0.0,0.0,0.0,0.0,0.0,0.0,0.0,0.0,0.0,0.07692307692307693,1.0,0.0,0.0,0.0,0.0,0.0,0.0,0.0,0.0,0.0,0.0,0.0,0.0,0.0,0.0,0.0,0.0,0.0,0.0,0.0,0.0,0.0,1.0,0.0,0.0,0.0,0.0,0.0,0.0,0.0,0.0,0.0,0.0,0.0,0.5,0.0,0.3888888888888889,0.6666666666666666,0.0,0.0,0.0,0.0,0.0,0.0,0.0,0.5,0.0,0.0,0.0,0.5,0.0,0.0,0.0,0.0,0.0,0.0,0.0,0.0,0.0,0.0,0.0,0.0,0.0,0.0,0.06896551724137931,1.0,0.0,0.0,0.0,0.0,0.0,0.0,0.0,0.0,0.0
home_confort,0.13333333333333333,0.0,0.0,0.0,0.0,0.0,0.13513513513513514,0.25,0.0,0.0,0.0,0.0,0.0,0.0,0.0,0.0,0.0,0.0,0.0,0.4,0.0,0.17391304347826086,0.3333333333333333,0.0,0.0,0.0,0.0,0.0,0.5,0.0,0.0,0.0,0.0,0.5,0.0,1.0,1.0,0.0,0.0,0.0,0.0,0.0,0.0,0.0,0.0,0.0,0.0,0.0,0.0,0.0,0.0,0.0,0.1111111111111111,1.0,0.0,0.0,0.0,0.0,0.4838709677419355,0.8888888888888888,0.0,0.0,0.0,0.0,1.0,0.0,0.0,0.0,0.0,0.0,0.0,0.0,0.0,1.0,0.0,0.0,0.0,0.0,0.0,1.0,0.0,0.0,0.0,0.0,0.0,0.0,0.0975609756097561,0.6666666666666666,0.0,0.0,0.0,0.0,0.0,0.0,0.0,0.0,0.0
home_construction,0.14285714285714285,0.0,0.0,0.0,0.0,0.0,0.22580645161290322,0.6666666666666666,0.0,0.0,0.0,0.0,0.0,0.0,0.0,0.0,0.0,0.0,0.0,0.0,0.0,0.11627906976744186,0.6,0.0,0.0,0.0,0.0,0.0,0.0,0.3333333333333333,0.0,0.0,0.0,0.0,0.0,0.8571428571428571,0.0,0.0,0.0,0.0,0.0,0.0,0.0,0.0,0.16666666666666666,0.0,0.0,0.0,0.0,0.0,0.0,0.0,0.0,1.0,0.0,0.0,0.0,0.0,0.3888888888888889,0.25,0.0,0.0,0.0,0.0,0.0,0.0,0.2,1.0,0.0,0.0,0.0,0.0,0.0,0.6666666666666666,0.0,0.0,0.0,0.0,0.0,0.0,1.0,0.0,0.0,0.0,0.0,0.0,0.1323529411764706,0.0,0.0,0.0,0.0,0.0,0.0,0.0,0.0,0.0,0.0
housewares,0.29245283018867924,0.0,0.0,0.0,0.0,0.0,0.21266968325791855,0.3389830508474576,0.0,0.3333333333333333,0.0,0.0,0.0,0.0,0.42857142857142855,1.0,0.0,1.0,0.0,0.4117647058823529,0.0,0.13211845102505695,0.2876712328767123,1.0,0.0,0.0,0.7777777777777778,0.0,0.14285714285714285,0.4166666666666667,0.0,0.0,0.0,0.5172413793103449,0.0,0.6428571428571429,0.0,0.0,0.0,1.0,0.0,0.0,1.0,0.0,0.4117647058823529,0.5,0.0,0.0,1.0,0.0,1.0,0.0,0.5714285714285714,0.5833333333333334,0.0,0.0,0.2,0.0,0.3597122302158273,0.417910447761194,0.6,1.0,1.0,0.0,0.5714285714285714,0.0,0.25806451612903225,0.875,1.0,1.0,0.0,0.4444444444444444,0.3333333333333333,0.6086956521739131,1.0,1.0,1.0,0.0,0.0,0.0,0.7333333333333333,0.0,0.0,0.0,1.0,1.0,0.17189189189189188,0.6666666666666666,1.0,0.0,0.0,0.0,0.0,0.0,0.0,1.0,0.0
luggage_accessories,0.3125,0.0,0.0,0.0,0.0,0.0,0.06493506493506493,0.45454545454545453,0.0,0.0,0.0,0.0,0.0,0.0,0.0,0.0,0.0,0.0,0.0,0.3333333333333333,0.0,0.13636363636363635,0.2727272727272727,0.0,0.0,0.0,0.0,0.0,0.0,1.0,0.0,0.0,0.0,0.125,0.0,0.6666666666666666,0.0,0.0,0.0,0.0,0.0,0.0,0.0,0.0,0.0,1.0,0.0,0.0,0.0,0.0,0.0,0.0,0.0,0.0,0.0,0.0,0.25,0.0,0.17543859649122806,0.16666666666666666,0.0,0.0,0.0,0.0,0.0,0.0,0.4,0.0,0.0,0.0,0.0,0.42857142857142855,0.6666666666666666,0.0,0.0,0.0,0.0,0.0,0.0,0.0,0.0,0.0,0.0,0.0,0.0,1.0,0.050505050505050504,0.3333333333333333,0.0,0.0,0.0,0.0,0.0,0.0,0.0,0.0,0.0
market_place,0.5,0.0,0.0,0.0,0.0,0.0,0.21428571428571427,0.0,0.0,0.0,0.0,0.0,0.0,0.0,0.0,0.0,0.0,0.0,0.0,0.0,0.0,0.28125,0.0,0.0,0.0,0.0,0.0,0.0,0.0,1.0,0.0,0.0,0.0,1.0,0.0,0.0,0.0,0.0,0.0,0.0,0.0,0.0,0.0,0.0,0.0,0.0,0.0,0.0,0.0,0.0,0.0,0.0,0.0,0.0,0.0,0.0,0.0,0.0,0.6111111111111112,0.3333333333333333,0.0,0.0,0.0,0.0,0.0,0.0,0.0,1.0,0.0,0.0,0.0,0.0,0.0,1.0,0.0,0.0,0.0,0.0,0.0,0.0,0.0,0.0,0.0,0.0,0.0,0.0,0.03125,1.0,0.0,0.0,0.0,0.0,0.0,0.0,0.0,0.0,0.0
musical_instruments,0.4117647058823529,0.0,0.0,0.0,0.0,0.0,0.1935483870967742,0.0,0.0,0.0,0.0,0.0,0.0,0.0,0.0,1.0,0.0,0.0,0.0,0.4,0.0,0.17777777777777778,0.5,0.0,0.0,0.0,0.0,0.0,0.0,0.5,0.0,0.0,0.0,0.4,0.0,0.0,0.0,0.0,0.0,0.0,0.0,0.0,0.0,0.0,0.0,0.0,0.0,0.0,0.0,0.0,0.0,0.0,0.0,1.0,0.0,0.0,0.5,0.0,0.1590909090909091,0.625,0.0,0.0,0.0,0.0,0.0,0.0,0.0,0.0,0.0,0.0,0.0,0.0,1.0,0.5,1.0,0.0,0.0,0.0,1.0,0.0,0.0,0.0,0.0,0.0,0.0,0.0,0.17142857142857143,0.8,0.0,0.0,0.0,0.0,0.0,0.0,0.0,0.0,0.0
office_furniture,0.27586206896551724,0.0,0.0,0.0,0.0,0.0,0.37815126050420167,0.52,0.0,0.0,0.0,0.0,1.0,0.0,0.0,0.8,0.0,0.0,0.0,0.2857142857142857,0.0,0.2,0.5714285714285714,0.0,1.0,0.0,0.75,0.0,0.0,0.5,0.0,1.0,0.0,0.3333333333333333,0.0,0.5555555555555556,0.0,1.0,0.0,1.0,0.0,0.0,1.0,0.0,0.5,0.0,0.0,1.0,0.0,1.0,0.0,0.0,0.5,0.3333333333333333,0.0,0.0,0.11764705882352941,0.0,0.46564885496183206,0.4,0.0,0.0,0.0,0.0,1.0,0.0,0.6666666666666666,0.5714285714285714,0.0,0.0,0.0,0.375,0.0,0.6666666666666666,0.7142857142857143,1.0,0.0,0.0,0.0,0.0,0.8333333333333334,1.0,0.0,0.0,0.0,0.0,0.3025210084033613,0.4117647058823529,1.0,1.0,0.0,0.0,0.6666666666666666,0.0,0.0,0.0,0.0
perfumery,0.11764705882352941,0.0,1.0,0.0,0.0,0.0,0.2127659574468085,0.14814814814814814,0.0,0.0,0.0,0.0,1.0,0.0,1.0,0.5,0.0,0.0,0.0,0.21428571428571427,0.0,0.125,0.4,0.0,0.0,0.0,0.42857142857142855,0.0,0.1111111111111111,0.3333333333333333,1.0,0.0,0.0,0.125,0.0,0.75,1.0,0.0,0.0,0.0,0.0,0.0,0.0,0.0,0.0,0.0,0.0,0.0,0.0,1.0,1.0,0.0,0.375,0.8461538461538461,1.0,1.0,0.3333333333333333,1.0,0.41007194244604317,0.36363636363636365,0.0,0.0,0.0,0.0,0.0,0.0,0.3,0.8571428571428571,0.5,0.0,1.0,0.2222222222222222,0.0,0.6428571428571429,1.0,1.0,0.0,0.0,0.0,0.0,0.0,0.3333333333333333,0.0,0.0,0.0,0.0,0.12533333333333332,0.8666666666666667,1.0,0.0,0.0,0.0,1.0,1.0,1.0,0.0,0.0
pet_shop,0.20833333333333334,0.0,0.0,0.0,0.0,0.0,0.13333333333333333,0.3333333333333333,0.0,0.0,0.0,0.0,0.0,0.0,1.0,0.5,0.0,0.0,0.0,0.7142857142857143,0.0,0.18110236220472442,0.3888888888888889,0.0,0.5,0.0,0.0,0.0,0.0,0.0,0.0,0.0,0.0,0.6363636363636364,0.0,0.6,0.0,0.0,0.0,0.5,0.0,0.0,0.0,0.0,0.6363636363636364,0.0,0.0,0.0,0.0,0.0,0.0,0.0,0.3333333333333333,0.25,0.6666666666666666,0.0,0.16666666666666666,0.0,0.1875,0.35294117647058826,0.0,0.0,0.0,0.0,0.0,0.0,0.3333333333333333,0.0,0.0,0.0,0.0,0.25,1.0,0.6923076923076923,0.75,1.0,0.0,0.0,0.0,0.0,0.5,0.0,0.0,0.0,0.0,0.0,0.12903225806451613,0.42857142857142855,0.0,0.0,0.0,0.0,0.5,1.0,0.0,0.0,0.0
small_appliances,0.1111111111111111,0.0,0.0,0.0,0.0,1.0,0.22448979591836735,0.25,0.5,0.0,0.0,0.0,0.0,0.0,0.0,0.0,0.0,0.0,0.0,0.0,0.0,0.11538461538461539,0.16666666666666666,0.0,0.0,0.0,0.0,0.0,0.0,0.6666666666666666,0.0,0.0,0.0,0.3333333333333333,0.0,1.0,1.0,0.0,0.0,0.0,0.0,0.0,0.0,0.0,0.0,0.0,0.0,0.0,0.0,0.0,0.0,0.0,0.5,1.0,0.0,0.0,0.0,0.0,0.25,0.5,1.0,0.0,0.0,0.0,0.0,0.0,0.5,1.0,0.0,0.0,0.0,0.0,0.0,0.0,1.0,0.0,0.0,0.0,1.0,0.0,0.0,0.0,0.0,0.0,0.0,0.0,0.10112359550561797,0.5,1.0,0.0,0.0,0.0,0.0,0.0,0.0,0.0,0.0
sports_leisure,0.20618556701030927,0.6666666666666666,0.0,0.0,0.0,0.8461538461538461,0.18556701030927836,0.21978021978021978,1.0,0.0,0.0,0.0,0.0,0.0,0.2727272727272727,0.0,0.0,0.0,0.0,0.5,0.0,0.1527777777777778,0.3958333333333333,0.2,0.5,0.0,0.75,0.0,0.06060606060606061,0.5555555555555556,0.0,0.0,0.0,0.08,0.0,0.6666666666666666,0.375,0.0,1.0,0.0,1.0,0.0,1.0,0.0,0.23076923076923078,0.25,0.0,0.0,0.0,0.3333333333333333,0.0,0.0,0.5,0.2916666666666667,1.0,0.3333333333333333,0.2727272727272727,0.0,0.29975429975429974,0.29411764705882354,1.0,0.0,0.0,0.0,1.0,0.0,0.4411764705882353,0.6153846153846154,0.3333333333333333,0.0,0.0,0.3225806451612903,0.0,0.5526315789473685,1.0,0.0,0.0,0.0,0.0,1.0,0.0,1.0,0.0,0.0,1.0,0.0,0.122533748701973,0.6923076923076923,0.75,0.0,0.0,1.0,1.0,0.0,0.0,0.0,0.0
stationery,0.2222222222222222,0.0,0.0,0.0,0.0,0.0,0.1619718309859155,0.52,0.0,0.0,0.0,0.0,0.0,0.0,0.0,0.5,0.0,0.0,0.0,0.375,0.0,0.16363636363636364,0.5294117647058824,0.0,0.0,0.0,1.0,0.0,0.0,0.6666666666666666,0.0,0.0,0.0,0.0,0.0,0.4,1.0,0.0,0.0,1.0,1.0,0.0,0.0,0.0,0.6666666666666666,1.0,0.0,0.0,0.0,0.0,0.0,0.0,0.3333333333333333,0.75,0.0,0.0,0.0,0.0,0.2727272727272727,0.3888888888888889,0.0,1.0,0.0,0.0,0.0,0.0,0.2857142857142857,0.3333333333333333,0.0,0.0,0.0,0.3125,0.0,0.0,0.0,0.0,0.0,0.0,0.0,0.0,1.0,0.0,0.0,0.0,0.0,1.0,0.1220472440944882,0.6666666666666666,1.0,1.0,0.0,0.0,1.0,0.0,0.0,0.0,0.0
telephony,0.17105263157894737,0.5,0.0,0.0,0.0,0.5,0.23248407643312102,0.21052631578947367,0.0,0.0,0.0,0.0,0.6666666666666666,0.0,0.14285714285714285,0.0,0.0,0.0,0.0,0.38461538461538464,0.0,0.1623931623931624,0.35714285714285715,0.0,0.0,0.0,0.16666666666666666,1.0,0.0,0.2,0.0,0.0,0.0,0.47368421052631576,0.5,0.5,0.75,0.0,0.0,1.0,1.0,0.0,1.0,0.0,0.25,1.0,0.0,0.0,1.0,0.0,1.0,0.0,0.3157894736842105,0.45454545454545453,0.0,0.0,0.375,0.0,0.39552238805970147,0.4878048780487805,0.0,0.0,0.0,0.0,0.0,0.5,0.18181818181818182,0.5555555555555556,0.3333333333333333,0.0,0.0,0.15384615384615385,1.0,0.6190476190476191,0.6666666666666666,0.5,0.0,0.0,0.0,0.0,1.0,1.0,0.0,0.0,0.0,0.0,0.21725239616613418,0.8846153846153846,1.0,0.0,0.0,0.0,0.6,1.0,0.0,0.0,0.0
toys,0.12962962962962962,1.0,1.0,0.0,0.0,0.0,0.18493150684931506,0.35,0.0,0.0,0.0,0.0,0.0,0.0,0.0,0.375,0.0,1.0,0.0,0.3333333333333333,0.0,0.16981132075471697,0.4,0.3333333333333333,0.0,0.0,1.0,0.0,0.16666666666666666,0.45454545454545453,0.0,0.0,0.0,0.5384615384615384,0.0,0.4166666666666667,1.0,0.0,0.0,0.0,1.0,0.0,0.0,0.0,0.75,0.0,0.0,0.0,0.0,0.0,0.0,0.0,0.3333333333333333,0.375,0.0,1.0,0.2222222222222222,0.0,0.3811881188118812,0.7307692307692307,1.0,1.0,0.0,0.0,0.0,0.0,0.3125,0.6666666666666666,1.0,0.0,0.5,0.5384615384615384,1.0,0.6923076923076923,0.6666666666666666,0.0,0.0,0.0,0.0,0.0,1.0,1.0,0.0,0.0,0.0,0.0,0.09859154929577464,0.6666666666666666,1.0,0.0,0.0,0.0,0.5,0.0,0.0,0.0,0.0
unknown,0.35714285714285715,0.0,0.0,0.0,0.0,0.0,0.22429906542056074,0.4090909090909091,0.0,1.0,0.0,0.0,1.0,0.0,0.75,1.0,0.0,0.0,0.0,0.6666666666666666,0.0,0.205607476635514,0.47368421052631576,0.0,0.0,0.0,0.0,0.0,0.0,0.4,0.0,0.0,0.0,0.3333333333333333,0.0,0.5,1.0,0.0,0.0,0.5,0.0,1.0,0.0,0.0,0.0,0.0,0.0,1.0,0.0,0.0,0.0,0.0,0.0,0.8,1.0,0.0,0.4,0.0,0.4396551724137931,0.35,1.0,1.0,0.0,0.0,1.0,0.0,0.2222222222222222,0.25,0.0,0.0,0.0,1.0,0.0,1.0,0.0,1.0,0.0,0.0,0.0,0.0,1.0,0.0,0.0,0.0,0.0,0.0,0.1702127659574468,0.2,1.0,0.0,0.0,0.0,0.0,0.0,0.0,0.0,0.0
watches_gifts,0.25333333333333335,1.0,1.0,0.0,1.0,0.0,0.1489841986455982,0.27692307692307694,0.0,0.0,0.0,0.0,0.5,0.0,0.07142857142857142,0.4666666666666667,0.0,0.0,0.0,0.2777777777777778,0.0,0.162217659137577,0.38666666666666666,0.0,0.0,0.0,0.75,0.0,0.15789473684210525,0.38461538461538464,0.0,0.0,0.0,0.4642857142857143,0.0,0.25,0.8,0.0,0.0,0.0,0.0,0.0,1.0,0.0,0.5555555555555556,0.0,0.0,0.0,1.0,1.0,1.0,0.0,0.3076923076923077,0.47368421052631576,0.0,0.0,0.2631578947368421,0.0,0.3829787234042553,0.4507042253521127,0.875,0.0,0.0,0.0,1.0,0.0,0.5384615384615384,0.5666666666666667,0.5,0.3333333333333333,0.0,0.45454545454545453,0.0,0.6153846153846154,0.8,1.0,0.0,0.0,1.0,0.0,0.6666666666666666,0.0,0.0,0.0,0.0,1.0,0.15915119363395225,0.6956521739130435,1.0,0.0,1.0,0.0,0.6666666666666666,1.0,0.0,0.3333333333333333,0.0
